[{"model": "admin.logentry", "pk": 1, "fields": {"action_time": "2023-04-13T16:16:20.596Z", "user": 1, "content_type": 6, "object_id": "2", "object_repr": "Dre Driscoll", "action_flag": 1, "change_message": "[{\"added\": {}}]"}}, {"model": "admin.logentry", "pk": 2, "fields": {"action_time": "2023-04-13T16:16:30.063Z", "user": 1, "content_type": 6, "object_id": "2", "object_repr": "Drew Driscoll", "action_flag": 2, "change_message": "[{\"changed\": {\"fields\": [\"First name\"]}}]"}}, {"model": "admin.logentry", "pk": 3, "fields": {"action_time": "2023-04-13T16:17:22.487Z", "user": 1, "content_type": 6, "object_id": "3", "object_repr": "Kyla Lotte", "action_flag": 1, "change_message": "[{\"added\": {}}]"}}, {"model": "admin.logentry", "pk": 4, "fields": {"action_time": "2023-04-13T16:18:00.003Z", "user": 1, "content_type": 6, "object_id": "4", "object_repr": "Lorelai Shelly", "action_flag": 1, "change_message": "[{\"added\": {}}]"}}, {"model": "admin.logentry", "pk": 5, "fields": {"action_time": "2023-04-13T16:18:39.234Z", "user": 1, "content_type": 6, "object_id": "5", "object_repr": "Darius Saskia", "action_flag": 1, "change_message": "[{\"added\": {}}]"}}, {"model": "admin.logentry", "pk": 6, "fields": {"action_time": "2023-04-13T16:19:41.113Z", "user": 1, "content_type": 6, "object_id": "1", "object_repr": "Xenia Pearl", "action_flag": 2, "change_message": "[{\"changed\": {\"fields\": [\"First name\", \"Last name\"]}}]"}}, {"model": "admin.logentry", "pk": 7, "fields": {"action_time": "2023-04-13T16:22:52.213Z", "user": 1, "content_type": 11, "object_id": "1", "object_repr": "Cozy Host at Cozy St, Toronto", "action_flag": 1, "change_message": "[{\"added\": {}}]"}}, {"model": "admin.logentry", "pk": 8, "fields": {"action_time": "2023-04-13T16:23:08.680Z", "user": 1, "content_type": 11, "object_id": "1", "object_repr": "Cozy House at Cozy St, Toronto", "action_flag": 2, "change_message": "[{\"changed\": {\"fields\": [\"Name\"]}}]"}}, {"model": "admin.logentry", "pk": 9, "fields": {"action_time": "2023-04-13T16:25:19.183Z", "user": 1, "content_type": 11, "object_id": "2", "object_repr": "Stone House at Bright St, Torono", "action_flag": 1, "change_message": "[{\"added\": {}}]"}}, {"model": "admin.logentry", "pk": 10, "fields": {"action_time": "2023-04-13T16:25:30.260Z", "user": 1, "content_type": 11, "object_id": "2", "object_repr": "Stone House at Bright St, Torono", "action_flag": 2, "change_message": "[{\"changed\": {\"fields\": [\"Img\"]}}]"}}, {"model": "admin.logentry", "pk": 11, "fields": {"action_time": "2023-04-13T16:28:27.629Z", "user": 1, "content_type": 11, "object_id": "3", "object_repr": "Large Villa at Villa St, Vancouver", "action_flag": 1, "change_message": "[{\"added\": {}}]"}}, {"model": "admin.logentry", "pk": 12, "fields": {"action_time": "2023-04-13T16:28:39.215Z", "user": 1, "content_type": 11, "object_id": "3", "object_repr": "Large Villa at Villa St, Vancouver", "action_flag": 2, "change_message": "[{\"changed\": {\"fields\": [\"Img\"]}}]"}}, {"model": "admin.logentry", "pk": 13, "fields": {"action_time": "2023-04-13T16:31:40.413Z", "user": 1, "content_type": 11, "object_id": "4", "object_repr": "Exquisite Mansion at Mansion St, Vancouver", "action_flag": 1, "change_message": "[{\"added\": {}}]"}}, {"model": "admin.logentry", "pk": 14, "fields": {"action_time": "2023-04-13T16:33:34.717Z", "user": 1, "content_type": 11, "object_id": "5", "object_repr": "Modern City Home at Modern St, Toronto", "action_flag": 1, "change_message": "[{\"added\": {}}]"}}, {"model": "admin.logentry", "pk": 15, "fields": {"action_time": "2023-04-13T16:35:59.879Z", "user": 1, "content_type": 11, "object_id": "4", "object_repr": "Country House at Country St, Vancouver", "action_flag": 2, "change_message": "[{\"changed\": {\"fields\": [\"Name\", \"Description\", \"Address\", \"Img\"]}}]"}}, {"model": "admin.logentry", "pk": 16, "fields": {"action_time": "2023-04-13T16:39:57.607Z", "user": 1, "content_type": 7, "object_id": "1", "object_repr": "Great place to stay. The host is very nice.", "action_flag": 1, "change_message": "[{\"added\": {}}]"}}, {"model": "admin.logentry", "pk": 17, "fields": {"action_time": "2023-04-13T16:40:15.088Z", "user": 1, "content_type": 7, "object_id": "1", "object_repr": "Great place to stay. The host is very nice.", "action_flag": 2, "change_message": "[{\"changed\": {\"fields\": [\"Date posted\"]}}]"}}, {"model": "admin.logentry", "pk": 18, "fields": {"action_time": "2023-04-13T16:40:52.158Z", "user": 1, "content_type": 9, "object_id": "1", "object_repr": "Reservation for Cozy House at Cozy St, Toronto", "action_flag": 1, "change_message": "[{\"added\": {}}]"}}, {"model": "admin.logentry", "pk": 19, "fields": {"action_time": "2023-04-13T16:43:47.641Z", "user": 1, "content_type": 9, "object_id": "2", "object_repr": "Reservation for Stone House at Bright St, Torono", "action_flag": 1, "change_message": "[{\"added\": {}}]"}}, {"model": "admin.logentry", "pk": 20, "fields": {"action_time": "2023-04-13T16:44:31.979Z", "user": 1, "content_type": 7, "object_id": "3", "object_repr": "Nice place but service could be better...", "action_flag": 1, "change_message": "[{\"added\": {}}]"}}, {"model": "admin.logentry", "pk": 21, "fields": {"action_time": "2023-04-13T16:45:14.384Z", "user": 1, "content_type": 9, "object_id": "3", "object_repr": "Reservation for Stone House at Bright St, Torono", "action_flag": 1, "change_message": "[{\"added\": {}}]"}}, {"model": "admin.logentry", "pk": 22, "fields": {"action_time": "2023-04-13T16:45:59.135Z", "user": 1, "content_type": 7, "object_id": "4", "object_repr": "Had to terminate for personal reasons. The host was very kind about it.", "action_flag": 1, "change_message": "[{\"added\": {}}]"}}, {"model": "admin.logentry", "pk": 23, "fields": {"action_time": "2023-04-13T16:46:17.680Z", "user": 1, "content_type": 7, "object_id": "3", "object_repr": "Nice place but service could be better...", "action_flag": 2, "change_message": "[{\"changed\": {\"fields\": [\"Date posted\"]}}]"}}, {"model": "admin.logentry", "pk": 24, "fields": {"action_time": "2023-04-13T16:46:29.251Z", "user": 1, "content_type": 7, "object_id": "4", "object_repr": "Had to terminate for personal reasons. The host was very kind about it.", "action_flag": 2, "change_message": "[{\"changed\": {\"fields\": [\"Date posted\"]}}]"}}, {"model": "admin.logentry", "pk": 25, "fields": {"action_time": "2023-04-13T16:47:10.323Z", "user": 1, "content_type": 9, "object_id": "4", "object_repr": "Reservation for Stone House at Bright St, Torono", "action_flag": 1, "change_message": "[{\"added\": {}}]"}}, {"model": "admin.logentry", "pk": 26, "fields": {"action_time": "2023-04-13T16:48:17.175Z", "user": 1, "content_type": 7, "object_id": "5", "object_repr": "Terrible experience but the food was good", "action_flag": 1, "change_message": "[{\"added\": {}}]"}}, {"model": "admin.logentry", "pk": 27, "fields": {"action_time": "2023-04-13T16:48:32.328Z", "user": 1, "content_type": 7, "object_id": "5", "object_repr": "Terrible experience but the food was good", "action_flag": 2, "change_message": "[{\"changed\": {\"fields\": [\"Rating\"]}}]"}}, {"model": "admin.logentry", "pk": 28, "fields": {"action_time": "2023-04-13T16:51:56.370Z", "user": 1, "content_type": 6, "object_id": "6", "object_repr": "Elvira Roman", "action_flag": 1, "change_message": "[{\"added\": {}}]"}}, {"model": "admin.logentry", "pk": 29, "fields": {"action_time": "2023-04-13T16:52:31.614Z", "user": 1, "content_type": 6, "object_id": "7", "object_repr": "Tabitha Ross", "action_flag": 1, "change_message": "[{\"added\": {}}]"}}, {"model": "admin.logentry", "pk": 30, "fields": {"action_time": "2023-04-13T16:53:14.720Z", "user": 1, "content_type": 6, "object_id": "8", "object_repr": "Cathryn Romy", "action_flag": 1, "change_message": "[{\"added\": {}}]"}}, {"model": "admin.logentry", "pk": 31, "fields": {"action_time": "2023-04-13T16:54:21.789Z", "user": 1, "content_type": 7, "object_id": "6", "object_repr": "Disappointed in the service", "action_flag": 1, "change_message": "[{\"added\": {}}]"}}, {"model": "admin.logentry", "pk": 32, "fields": {"action_time": "2023-04-13T16:55:26.272Z", "user": 1, "content_type": 7, "object_id": "7", "object_repr": "Very pet-friendly place. The host is considerate and a great cook.", "action_flag": 1, "change_message": "[{\"added\": {}}]"}}, {"model": "admin.logentry", "pk": 33, "fields": {"action_time": "2023-04-13T16:56:12.049Z", "user": 1, "content_type": 7, "object_id": "7", "object_repr": "Very pet-friendly place. The host is considerate and a great cook.", "action_flag": 2, "change_message": "[]"}}, {"model": "admin.logentry", "pk": 34, "fields": {"action_time": "2023-04-13T16:56:38.525Z", "user": 1, "content_type": 7, "object_id": "8", "object_repr": "Very pet-friendly place. The host is considerate and a great cook.", "action_flag": 1, "change_message": "[{\"added\": {}}]"}}, {"model": "admin.logentry", "pk": 35, "fields": {"action_time": "2023-04-13T16:57:00.874Z", "user": 1, "content_type": 7, "object_id": "7", "object_repr": "Would definitely book  again.", "action_flag": 2, "change_message": "[{\"changed\": {\"fields\": [\"Written by\", \"Date posted\", \"Content\", \"Rating\"]}}]"}}, {"model": "admin.logentry", "pk": 36, "fields": {"action_time": "2023-04-13T16:57:34.765Z", "user": 1, "content_type": 6, "object_id": "8", "object_repr": "Ross Romy", "action_flag": 2, "change_message": "[{\"changed\": {\"fields\": [\"First name\", \"Avatar\"]}}]"}}, {"model": "admin.logentry", "pk": 37, "fields": {"action_time": "2023-04-13T16:58:58.576Z", "user": 1, "content_type": 8, "object_id": "1", "object_repr": "Could you elaborate on what was unsatisfactory so I can improve?", "action_flag": 1, "change_message": "[{\"added\": {}}]"}}, {"model": "admin.logentry", "pk": 38, "fields": {"action_time": "2023-04-13T17:00:29.966Z", "user": 1, "content_type": 8, "object_id": "2", "object_repr": "You were unavailable most of the time.", "action_flag": 1, "change_message": "[{\"added\": {}}]"}}, {"model": "admin.logentry", "pk": 39, "fields": {"action_time": "2023-04-13T17:01:09.798Z", "user": 1, "content_type": 8, "object_id": "3", "object_repr": "Thank you for the kind comment :)", "action_flag": 1, "change_message": "[{\"added\": {}}]"}}, {"model": "admin.logentry", "pk": 40, "fields": {"action_time": "2023-04-13T17:05:58.017Z", "user": 1, "content_type": 6, "object_id": "5", "object_repr": "Darius Saskia", "action_flag": 2, "change_message": "[{\"changed\": {\"fields\": [\"Password\", \"Is admin\"]}}]"}}, {"model": "admin.logentry", "pk": 41, "fields": {"action_time": "2023-04-13T17:07:34.976Z", "user": 1, "content_type": 6, "object_id": "5", "object_repr": "Darius Saskia", "action_flag": 2, "change_message": "[{\"changed\": {\"fields\": [\"Superuser status\"]}}]"}}, {"model": "admin.logentry", "pk": 42, "fields": {"action_time": "2023-04-13T17:07:53.332Z", "user": 1, "content_type": 6, "object_id": "5", "object_repr": "Darius Saskia", "action_flag": 2, "change_message": "[{\"changed\": {\"fields\": [\"Staff status\"]}}]"}}, {"model": "admin.logentry", "pk": 43, "fields": {"action_time": "2023-04-13T17:12:05.848Z", "user": 1, "content_type": 9, "object_id": "5", "object_repr": "Reservation for Cozy House at Cozy St, Toronto", "action_flag": 3, "change_message": ""}}, {"model": "admin.logentry", "pk": 44, "fields": {"action_time": "2023-04-13T17:13:47.638Z", "user": 1, "content_type": 9, "object_id": "7", "object_repr": "Reservation for Country House at Country St, Vancouver", "action_flag": 1, "change_message": "[{\"added\": {}}]"}}, {"model": "admin.logentry", "pk": 45, "fields": {"action_time": "2023-04-13T17:15:07.774Z", "user": 1, "content_type": 7, "object_id": "2", "object_repr": "No complaints from me. He is a very polite guest.", "action_flag": 2, "change_message": "[{\"changed\": {\"fields\": [\"Written by\"]}}]"}}, {"model": "admin.logentry", "pk": 46, "fields": {"action_time": "2023-04-13T17:18:41.219Z", "user": 1, "content_type": 9, "object_id": "8", "object_repr": "Reservation for Cozy House at Cozy St, Toronto", "action_flag": 2, "change_message": "[{\"changed\": {\"fields\": [\"Status\"]}}]"}}, {"model": "admin.logentry", "pk": 47, "fields": {"action_time": "2023-04-13T17:20:39.113Z", "user": 1, "content_type": 11, "object_id": "3", "object_repr": "Large Villa at Villa St, Vancouver", "action_flag": 2, "change_message": "[{\"changed\": {\"fields\": [\"Host\"]}}]"}}, {"model": "admin.logentry", "pk": 48, "fields": {"action_time": "2023-04-13T17:22:16.848Z", "user": 1, "content_type": 11, "object_id": "5", "object_repr": "Modern City Home at Modern St, Toronto", "action_flag": 2, "change_message": "[{\"changed\": {\"fields\": [\"Host\"]}}]"}}, {"model": "admin.logentry", "pk": 49, "fields": {"action_time": "2023-04-13T17:38:00.053Z", "user": 1, "content_type": 11, "object_id": "6", "object_repr": "House in the Mountains at Wood St, Vancouver", "action_flag": 1, "change_message": "[{\"added\": {}}]"}}, {"model": "admin.logentry", "pk": 50, "fields": {"action_time": "2023-04-13T17:40:24.313Z", "user": 1, "content_type": 11, "object_id": "6", "object_repr": "House in the Mountains at Wood St, Vancouver", "action_flag": 2, "change_message": "[{\"changed\": {\"fields\": [\"Img\"]}}]"}}, {"model": "admin.logentry", "pk": 51, "fields": {"action_time": "2023-04-13T17:49:06.958Z", "user": 1, "content_type": 8, "object_id": "4", "object_repr": "Thank you! I try my best!", "action_flag": 3, "change_message": ""}}, {"model": "admin.logentry", "pk": 52, "fields": {"action_time": "2023-04-13T17:52:13.993Z", "user": 1, "content_type": 8, "object_id": "3", "object_repr": "Thank you for the kind comment :)", "action_flag": 3, "change_message": ""}}, {"model": "admin.logentry", "pk": 53, "fields": {"action_time": "2023-04-13T17:52:37.809Z", "user": 1, "content_type": 8, "object_id": "5", "object_repr": "Thank you! I try my best!", "action_flag": 3, "change_message": ""}}, {"model": "admin.logentry", "pk": 54, "fields": {"action_time": "2023-04-13T17:53:38.761Z", "user": 1, "content_type": 8, "object_id": "7", "object_repr": "Thank you for the kind comment! :)", "action_flag": 1, "change_message": "[{\"added\": {}}]"}}, {"model": "admin.logentry", "pk": 55, "fields": {"action_time": "2023-04-13T18:03:53.671Z", "user": 1, "content_type": 9, "object_id": "13", "object_repr": "Reservation for House in the Mountains at Wood St, Vancouver", "action_flag": 2, "change_message": "[{\"changed\": {\"fields\": [\"Status\", \"Date booked start\", \"Date booked end\"]}}]"}}, {"model": "admin.logentry", "pk": 56, "fields": {"action_time": "2023-04-13T18:04:28.107Z", "user": 1, "content_type": 9, "object_id": "9", "object_repr": "Reservation for Large Villa at Villa St, Vancouver", "action_flag": 2, "change_message": "[{\"changed\": {\"fields\": [\"Date booked start\", \"Date booked end\"]}}]"}}, {"model": "admin.logentry", "pk": 57, "fields": {"action_time": "2023-04-13T18:05:14.437Z", "user": 1, "content_type": 9, "object_id": "9", "object_repr": "Reservation for Large Villa at Villa St, Vancouver", "action_flag": 2, "change_message": "[{\"changed\": {\"fields\": [\"Date booked start\", \"Date booked end\"]}}]"}}, {"model": "admin.logentry", "pk": 58, "fields": {"action_time": "2023-04-13T18:06:21.023Z", "user": 1, "content_type": 9, "object_id": "10", "object_repr": "Reservation for Modern City Home at Modern St, Toronto", "action_flag": 2, "change_message": "[{\"changed\": {\"fields\": [\"Date booked start\", \"Date booked end\"]}}]"}}, {"model": "admin.logentry", "pk": 59, "fields": {"action_time": "2023-04-13T18:06:30.880Z", "user": 1, "content_type": 9, "object_id": "9", "object_repr": "Reservation for Large Villa at Villa St, Vancouver", "action_flag": 2, "change_message": "[{\"changed\": {\"fields\": [\"Date booked start\", \"Date booked end\"]}}]"}}, {"model": "admin.logentry", "pk": 60, "fields": {"action_time": "2023-04-13T18:21:47.550Z", "user": 1, "content_type": 11, "object_id": "7", "object_repr": "House in the Woods at Woods St, Toronto", "action_flag": 1, "change_message": "[{\"added\": {}}]"}}, {"model": "admin.logentry", "pk": 61, "fields": {"action_time": "2023-04-13T18:23:02.457Z", "user": 1, "content_type": 9, "object_id": "14", "object_repr": "Reservation for Cozy House at Cozy St, Toronto", "action_flag": 1, "change_message": "[{\"added\": {}}]"}}, {"model": "admin.logentry", "pk": 62, "fields": {"action_time": "2023-04-13T18:31:52.082Z", "user": 1, "content_type": 7, "object_id": "10", "object_repr": "Disappointed", "action_flag": 2, "change_message": "[{\"changed\": {\"fields\": [\"Written by\", \"Content\"]}}]"}}, {"model": "admin.logentry", "pk": 63, "fields": {"action_time": "2023-04-13T18:33:14.924Z", "user": 1, "content_type": 7, "object_id": "10", "object_repr": "Disappointed", "action_flag": 2, "change_message": "[{\"changed\": {\"fields\": [\"Date posted\"]}}]"}}, {"model": "admin.logentry", "pk": 64, "fields": {"action_time": "2023-04-13T18:33:30.376Z", "user": 1, "content_type": 7, "object_id": "11", "object_repr": "Nice!", "action_flag": 2, "change_message": "[{\"changed\": {\"fields\": [\"Written by\", \"Content\", \"Rating\"]}}]"}}, {"model": "admin.logentry", "pk": 65, "fields": {"action_time": "2023-04-13T18:34:13.351Z", "user": 1, "content_type": 7, "object_id": "12", "object_repr": "It was okay", "action_flag": 2, "change_message": "[{\"changed\": {\"fields\": [\"Written by\", \"Date posted\"]}}]"}}, {"model": "admin.logentry", "pk": 66, "fields": {"action_time": "2023-04-13T18:34:17.907Z", "user": 1, "content_type": 7, "object_id": "11", "object_repr": "Nice!", "action_flag": 2, "change_message": "[{\"changed\": {\"fields\": [\"Date posted\"]}}]"}}, {"model": "admin.logentry", "pk": 67, "fields": {"action_time": "2023-04-13T18:35:08.390Z", "user": 1, "content_type": 7, "object_id": "13", "object_repr": "I recommend!", "action_flag": 2, "change_message": "[{\"changed\": {\"fields\": [\"Written by\", \"Date posted\"]}}]"}}, {"model": "admin.logentry", "pk": 68, "fields": {"action_time": "2023-04-13T18:35:18.160Z", "user": 1, "content_type": 7, "object_id": "12", "object_repr": "It was okay", "action_flag": 2, "change_message": "[{\"changed\": {\"fields\": [\"Written by\"]}}]"}}, {"model": "admin.logentry", "pk": 69, "fields": {"action_time": "2023-04-13T18:35:35.756Z", "user": 1, "content_type": 8, "object_id": "8", "object_repr": ":(", "action_flag": 1, "change_message": "[{\"added\": {}}]"}}, {"model": "admin.logentry", "pk": 70, "fields": {"action_time": "2023-04-13T18:36:24.348Z", "user": 1, "content_type": 7, "object_id": "14", "object_repr": "Okay", "action_flag": 2, "change_message": "[{\"changed\": {\"fields\": [\"Written by\", \"Date posted\"]}}]"}}, {"model": "admin.logentry", "pk": 71, "fields": {"action_time": "2023-04-13T18:37:12.659Z", "user": 1, "content_type": 7, "object_id": "15", "object_repr": "Not bad, not good either", "action_flag": 2, "change_message": "[{\"changed\": {\"fields\": [\"Written by\", \"Content\", \"Rating\"]}}]"}}, {"model": "admin.logentry", "pk": 72, "fields": {"action_time": "2023-04-13T18:37:52.103Z", "user": 1, "content_type": 7, "object_id": "16", "object_repr": "Great!", "action_flag": 2, "change_message": "[{\"changed\": {\"fields\": [\"Written by\", \"Content\", \"Rating\"]}}]"}}, {"model": "admin.logentry", "pk": 73, "fields": {"action_time": "2023-04-13T18:38:46.992Z", "user": 1, "content_type": 7, "object_id": "15", "object_repr": "Not bad, not good either", "action_flag": 2, "change_message": "[{\"changed\": {\"fields\": [\"Date posted\"]}}]"}}, {"model": "admin.logentry", "pk": 74, "fields": {"action_time": "2023-04-13T19:28:15.655Z", "user": 1, "content_type": 9, "object_id": "17", "object_repr": "Reservation for Cozy House at Cozy St, Toronto", "action_flag": 2, "change_message": "[{\"changed\": {\"fields\": [\"Property\"]}}]"}}, {"model": "admin.logentry", "pk": 75, "fields": {"action_time": "2023-04-13T19:29:17.099Z", "user": 1, "content_type": 9, "object_id": "17", "object_repr": "Reservation for Country House at Country St, Vancouver", "action_flag": 2, "change_message": "[{\"changed\": {\"fields\": [\"Property\"]}}]"}}, {"model": "admin.logentry", "pk": 76, "fields": {"action_time": "2023-04-13T19:29:34.234Z", "user": 1, "content_type": 9, "object_id": "17", "object_repr": "Reservation for Cozy House at Cozy St, Toronto", "action_flag": 2, "change_message": "[{\"changed\": {\"fields\": [\"Property\"]}}]"}}, {"model": "admin.logentry", "pk": 77, "fields": {"action_time": "2023-04-13T19:30:05.868Z", "user": 1, "content_type": 9, "object_id": "17", "object_repr": "Reservation for Country House at Country St, Vancouver", "action_flag": 2, "change_message": "[{\"changed\": {\"fields\": [\"Property\"]}}]"}}, {"model": "admin.logentry", "pk": 78, "fields": {"action_time": "2023-04-13T19:30:37.778Z", "user": 1, "content_type": 9, "object_id": "17", "object_repr": "Reservation for House in the Woods at Woods St, Toronto", "action_flag": 2, "change_message": "[{\"changed\": {\"fields\": [\"Property\"]}}]"}}, {"model": "admin.logentry", "pk": 79, "fields": {"action_time": "2023-04-13T19:31:37.300Z", "user": 1, "content_type": 11, "object_id": "7", "object_repr": "House in the Woods at Woods St, Toronto", "action_flag": 2, "change_message": "[{\"changed\": {\"fields\": [\"Img\"]}}]"}}, {"model": "admin.logentry", "pk": 80, "fields": {"action_time": "2023-04-13T19:32:01.286Z", "user": 1, "content_type": 11, "object_id": "7", "object_repr": "House in the Woods at Woods St, Toronto", "action_flag": 3, "change_message": ""}}, {"model": "admin.logentry", "pk": 81, "fields": {"action_time": "2023-04-13T19:35:58.377Z", "user": 1, "content_type": 11, "object_id": "8", "object_repr": "House in the Woods at Bright St, Torono", "action_flag": 1, "change_message": "[{\"added\": {}}]"}}, {"model": "admin.logentry", "pk": 82, "fields": {"action_time": "2023-04-13T19:36:31.350Z", "user": 1, "content_type": 9, "object_id": "18", "object_repr": "Reservation for House in the Woods at Bright St, Torono", "action_flag": 1, "change_message": "[{\"added\": {}}]"}}, {"model": "admin.logentry", "pk": 83, "fields": {"action_time": "2023-04-13T19:37:44.353Z", "user": 1, "content_type": 11, "object_id": "8", "object_repr": "House in the Woods at Bright St, Torono", "action_flag": 2, "change_message": "[{\"changed\": {\"fields\": [\"Img\"]}}]"}}, {"model": "admin.logentry", "pk": 84, "fields": {"action_time": "2023-04-13T19:40:22.141Z", "user": 1, "content_type": 11, "object_id": "8", "object_repr": "House in the Woods at Bright St, Torono", "action_flag": 3, "change_message": ""}}, {"model": "auth.permission", "pk": 1, "fields": {"name": "Can add log entry", "content_type": 1, "codename": "add_logentry"}}, {"model": "auth.permission", "pk": 2, "fields": {"name": "Can change log entry", "content_type": 1, "codename": "change_logentry"}}, {"model": "auth.permission", "pk": 3, "fields": {"name": "Can delete log entry", "content_type": 1, "codename": "delete_logentry"}}, {"model": "auth.permission", "pk": 4, "fields": {"name": "Can view log entry", "content_type": 1, "codename": "view_logentry"}}, {"model": "auth.permission", "pk": 5, "fields": {"name": "Can add permission", "content_type": 2, "codename": "add_permission"}}, {"model": "auth.permission", "pk": 6, "fields": {"name": "Can change permission", "content_type": 2, "codename": "change_permission"}}, {"model": "auth.permission", "pk": 7, "fields": {"name": "Can delete permission", "content_type": 2, "codename": "delete_permission"}}, {"model": "auth.permission", "pk": 8, "fields": {"name": "Can view permission", "content_type": 2, "codename": "view_permission"}}, {"model": "auth.permission", "pk": 9, "fields": {"name": "Can add group", "content_type": 3, "codename": "add_group"}}, {"model": "auth.permission", "pk": 10, "fields": {"name": "Can change group", "content_type": 3, "codename": "change_group"}}, {"model": "auth.permission", "pk": 11, "fields": {"name": "Can delete group", "content_type": 3, "codename": "delete_group"}}, {"model": "auth.permission", "pk": 12, "fields": {"name": "Can view group", "content_type": 3, "codename": "view_group"}}, {"model": "auth.permission", "pk": 13, "fields": {"name": "Can add content type", "content_type": 4, "codename": "add_contenttype"}}, {"model": "auth.permission", "pk": 14, "fields": {"name": "Can change content type", "content_type": 4, "codename": "change_contenttype"}}, {"model": "auth.permission", "pk": 15, "fields": {"name": "Can delete content type", "content_type": 4, "codename": "delete_contenttype"}}, {"model": "auth.permission", "pk": 16, "fields": {"name": "Can view content type", "content_type": 4, "codename": "view_contenttype"}}, {"model": "auth.permission", "pk": 17, "fields": {"name": "Can add session", "content_type": 5, "codename": "add_session"}}, {"model": "auth.permission", "pk": 18, "fields": {"name": "Can change session", "content_type": 5, "codename": "change_session"}}, {"model": "auth.permission", "pk": 19, "fields": {"name": "Can delete session", "content_type": 5, "codename": "delete_session"}}, {"model": "auth.permission", "pk": 20, "fields": {"name": "Can view session", "content_type": 5, "codename": "view_session"}}, {"model": "auth.permission", "pk": 21, "fields": {"name": "Can add user", "content_type": 6, "codename": "add_restifyuser"}}, {"model": "auth.permission", "pk": 22, "fields": {"name": "Can change user", "content_type": 6, "codename": "change_restifyuser"}}, {"model": "auth.permission", "pk": 23, "fields": {"name": "Can delete user", "content_type": 6, "codename": "delete_restifyuser"}}, {"model": "auth.permission", "pk": 24, "fields": {"name": "Can view user", "content_type": 6, "codename": "view_restifyuser"}}, {"model": "auth.permission", "pk": 25, "fields": {"name": "Can add comment", "content_type": 7, "codename": "add_comment"}}, {"model": "auth.permission", "pk": 26, "fields": {"name": "Can change comment", "content_type": 7, "codename": "change_comment"}}, {"model": "auth.permission", "pk": 27, "fields": {"name": "Can delete comment", "content_type": 7, "codename": "delete_comment"}}, {"model": "auth.permission", "pk": 28, "fields": {"name": "Can view comment", "content_type": 7, "codename": "view_comment"}}, {"model": "auth.permission", "pk": 29, "fields": {"name": "Can add reply", "content_type": 8, "codename": "add_reply"}}, {"model": "auth.permission", "pk": 30, "fields": {"name": "Can change reply", "content_type": 8, "codename": "change_reply"}}, {"model": "auth.permission", "pk": 31, "fields": {"name": "Can delete reply", "content_type": 8, "codename": "delete_reply"}}, {"model": "auth.permission", "pk": 32, "fields": {"name": "Can view reply", "content_type": 8, "codename": "view_reply"}}, {"model": "auth.permission", "pk": 33, "fields": {"name": "Can add reservation", "content_type": 9, "codename": "add_reservation"}}, {"model": "auth.permission", "pk": 34, "fields": {"name": "Can change reservation", "content_type": 9, "codename": "change_reservation"}}, {"model": "auth.permission", "pk": 35, "fields": {"name": "Can delete reservation", "content_type": 9, "codename": "delete_reservation"}}, {"model": "auth.permission", "pk": 36, "fields": {"name": "Can view reservation", "content_type": 9, "codename": "view_reservation"}}, {"model": "auth.permission", "pk": 37, "fields": {"name": "Can add availability", "content_type": 10, "codename": "add_availability"}}, {"model": "auth.permission", "pk": 38, "fields": {"name": "Can change availability", "content_type": 10, "codename": "change_availability"}}, {"model": "auth.permission", "pk": 39, "fields": {"name": "Can delete availability", "content_type": 10, "codename": "delete_availability"}}, {"model": "auth.permission", "pk": 40, "fields": {"name": "Can view availability", "content_type": 10, "codename": "view_availability"}}, {"model": "auth.permission", "pk": 41, "fields": {"name": "Can add property", "content_type": 11, "codename": "add_property"}}, {"model": "auth.permission", "pk": 42, "fields": {"name": "Can change property", "content_type": 11, "codename": "change_property"}}, {"model": "auth.permission", "pk": 43, "fields": {"name": "Can delete property", "content_type": 11, "codename": "delete_property"}}, {"model": "auth.permission", "pk": 44, "fields": {"name": "Can view property", "content_type": 11, "codename": "view_property"}}, {"model": "auth.permission", "pk": 45, "fields": {"name": "Can add notification", "content_type": 12, "codename": "add_notification"}}, {"model": "auth.permission", "pk": 46, "fields": {"name": "Can change notification", "content_type": 12, "codename": "change_notification"}}, {"model": "auth.permission", "pk": 47, "fields": {"name": "Can delete notification", "content_type": 12, "codename": "delete_notification"}}, {"model": "auth.permission", "pk": 48, "fields": {"name": "Can view notification", "content_type": 12, "codename": "view_notification"}}, {"model": "contenttypes.contenttype", "pk": 1, "fields": {"app_label": "admin", "model": "logentry"}}, {"model": "contenttypes.contenttype", "pk": 2, "fields": {"app_label": "auth", "model": "permission"}}, {"model": "contenttypes.contenttype", "pk": 3, "fields": {"app_label": "auth", "model": "group"}}, {"model": "contenttypes.contenttype", "pk": 4, "fields": {"app_label": "contenttypes", "model": "contenttype"}}, {"model": "contenttypes.contenttype", "pk": 5, "fields": {"app_label": "sessions", "model": "session"}}, {"model": "contenttypes.contenttype", "pk": 6, "fields": {"app_label": "users", "model": "restifyuser"}}, {"model": "contenttypes.contenttype", "pk": 7, "fields": {"app_label": "comments", "model": "comment"}}, {"model": "contenttypes.contenttype", "pk": 8, "fields": {"app_label": "comments", "model": "reply"}}, {"model": "contenttypes.contenttype", "pk": 9, "fields": {"app_label": "reservations", "model": "reservation"}}, {"model": "contenttypes.contenttype", "pk": 10, "fields": {"app_label": "properties", "model": "availability"}}, {"model": "contenttypes.contenttype", "pk": 11, "fields": {"app_label": "properties", "model": "property"}}, {"model": "contenttypes.contenttype", "pk": 12, "fields": {"app_label": "notifications", "model": "notification"}}, {"model": "sessions.session", "pk": "u1eauehabn51e8jpk10zixuvcx2n5dz9", "fields": {"session_data": ".eJxVjEEOwiAQRe_C2hDBUgaX7j0DmWEGqRpISrsy3l2bdKHb_977LxVxXUpcu8xxYnVWRh1-N8L0kLoBvmO9NZ1aXeaJ9KbonXZ9bSzPy-7-HRTs5VtjDmTBWTfASJmFLGeLntPAFgwnyCZYOmECIA8-4XgUNIEFPWZwrN4fCto5Lw:1pn2by:HCjk2thUlhMLj-_Gma_LDwesB5BCwY8EZpOrVUu8vm8", "expire_date": "2023-04-27T19:28:02.805Z"}}, {"model": "users.restifyuser", "pk": 1, "fields": {"password": "pbkdf2_sha256$600000$wtQSRsIiT5OGuz0s5p3DJK$4lymHVr8WCH533Bh6yzqh2A/IF4AsFui8oR/Iu/IxKg=", "last_login": "2023-04-13T19:28:02.791Z", "is_superuser": true, "first_name": "Xenia", "last_name": "Pearl", "is_staff": true, "date_joined": "2023-04-13T16:14:40Z", "email": "xakp@restify.com", "phone_number": "123-123-1234", "avatar": "222ffcd7bd1dde07e2734093b24af380_Vp5R2bu.jpg", "is_active": true, "is_admin": false, "groups": [], "user_permissions": []}}, {"model": "users.restifyuser", "pk": 2, "fields": {"password": "PassW0rd", "last_login": null, "is_superuser": false, "first_name": "Drew", "last_name": "Driscoll", "is_staff": false, "date_joined": "2023-04-13T16:15:57Z", "email": "drewdriscoll@restify.com", "phone_number": "123-123-1234", "avatar": "pexels-photo-771742.webp", "is_active": true, "is_admin": false, "groups": [], "user_permissions": []}}, {"model": "users.restifyuser", "pk": 3, "fields": {"password": "PassW0rd", "last_login": null, "is_superuser": false, "first_name": "Kyla", "last_name": "Lotte", "is_staff": false, "date_joined": "2023-04-13T16:16:52Z", "email": "kylalotte@restify.com", "phone_number": "123-123-1234", "avatar": "cool-profile-pic-matheus-ferrero-landscape.jpeg", "is_active": true, "is_admin": false, "groups": [], "user_permissions": []}}, {"model": "users.restifyuser", "pk": 4, "fields": {"password": "PassW0rd", "last_login": null, "is_superuser": false, "first_name": "Lorelai", "last_name": "Shelly", "is_staff": false, "date_joined": "2023-04-13T16:17:26Z", "email": "lorelai@restify.com", "phone_number": "123-123-1234", "avatar": "istockphoto-1386479313-170667a.jpg", "is_active": true, "is_admin": false, "groups": [], "user_permissions": []}}, {"model": "users.restifyuser", "pk": 5, "fields": {"password": "password", "last_login": null, "is_superuser": true, "first_name": "Darius", "last_name": "Saskia", "is_staff": true, "date_joined": "2023-04-13T16:18:01Z", "email": "dariussaskia@restify.com", "phone_number": "123-123-1234", "avatar": "profile-picture.jpeg", "is_active": true, "is_admin": true, "groups": [], "user_permissions": []}}, {"model": "users.restifyuser", "pk": 6, "fields": {"password": "PassW0rd", "last_login": null, "is_superuser": false, "first_name": "Elvira", "last_name": "Roman", "is_staff": false, "date_joined": "2023-04-13T16:51:15Z", "email": "elroman@restify.com", "phone_number": "12", "avatar": "Blog-Image-Header.jpg", "is_active": true, "is_admin": false, "groups": [], "user_permissions": []}}, {"model": "users.restifyuser", "pk": 7, "fields": {"password": "PassW0rd", "last_login": null, "is_superuser": false, "first_name": "Tabitha", "last_name": "Ross", "is_staff": false, "date_joined": "2023-04-13T16:51:57Z", "email": "tabross@restify.com", "phone_number": "123-123-1234", "avatar": "9faaa1fedc94c355a4256ba6207c7714.jpg", "is_active": true, "is_admin": false, "groups": [], "user_permissions": []}}, {"model": "users.restifyuser", "pk": 8, "fields": {"password": "PassW0rd", "last_login": null, "is_superuser": false, "first_name": "Ross", "last_name": "Romy", "is_staff": false, "date_joined": "2023-04-13T16:52:33Z", "email": "cathkat@restify.com", "phone_number": "123-123-1234", "avatar": "43424857729201191421.webp", "is_active": true, "is_admin": false, "groups": [], "user_permissions": []}}, {"model": "users.restifyuser", "pk": 9, "fields": {"password": "pbkdf2_sha256$600000$FURRPkf2829XpenmeFXY0B$H8CaPZhaF5ASuMFDhFRwOOylX0EerZLhRudhfLyvSBw=", "last_login": null, "is_superuser": false, "first_name": "Rachael", "last_name": "Gilbert", "is_staff": false, "date_joined": "2023-04-13T17:10:00.153Z", "email": "rachaelgib@restify.com", "phone_number": null, "avatar": "FhxH99EaYAAYZh9_2.jpeg", "is_active": true, "is_admin": false, "groups": [], "user_permissions": []}}, {"model": "users.restifyuser", "pk": 10, "fields": {"password": "pbkdf2_sha256$600000$br0cvbUoACL4xXUTwit7te$irMPSHhaP9qZamNzorEcnP7p9dlo6ozZwJajfbygq/k=", "last_login": null, "is_superuser": false, "first_name": "Tabitha", "last_name": "Ross", "is_staff": false, "date_joined": "2023-04-13T17:16:28.418Z", "email": "tabross2@restify.com", "phone_number": null, "avatar": "9faaa1fedc94c355a4256ba6207c7714_56xNUXl.jpg", "is_active": true, "is_admin": false, "groups": [], "user_permissions": []}}, {"model": "comments.comment", "pk": 1, "fields": {"content_type": 11, "object_id": 1, "written_by": 5, "date": "2023-04-09T16:38:56Z", "content": "Great place to stay. The host is very nice.", "rating": 5}}, {"model": "comments.comment", "pk": 2, "fields": {"content_type": 6, "object_id": 5, "written_by": 7, "date": "2023-04-13T16:41:24Z", "content": "No complaints from me. He is a very polite guest.", "rating": 5}}, {"model": "comments.comment", "pk": 3, "fields": {"content_type": 11, "object_id": 2, "written_by": 2, "date": "2023-03-05T17:43:52Z", "content": "Nice place but service could be better...", "rating": 3}}, {"model": "comments.comment", "pk": 4, "fields": {"content_type": 11, "object_id": 2, "written_by": 3, "date": "2023-03-13T16:45:18Z", "content": "Had to terminate for personal reasons. The host was very kind about it.", "rating": 4}}, {"model": "comments.comment", "pk": 5, "fields": {"content_type": 11, "object_id": 2, "written_by": 4, "date": "2023-03-21T16:47:22Z", "content": "Terrible experience but the food was good", "rating": 2}}, {"model": "comments.comment", "pk": 6, "fields": {"content_type": 11, "object_id": 2, "written_by": 6, "date": "2023-03-29T16:53:26Z", "content": "Disappointed in the service", "rating": 1}}, {"model": "comments.comment", "pk": 7, "fields": {"content_type": 11, "object_id": 2, "written_by": 8, "date": "2023-03-31T16:54:24Z", "content": "Would definitely book  again.", "rating": 4}}, {"model": "comments.comment", "pk": 8, "fields": {"content_type": 11, "object_id": 2, "written_by": 7, "date": "2023-04-10T16:56:12Z", "content": "Very pet-friendly place. The host is considerate and a great cook.", "rating": 5}}, {"model": "comments.comment", "pk": 9, "fields": {"content_type": 11, "object_id": 1, "written_by": 10, "date": "2023-04-13T17:19:38.094Z", "content": "The rooms are always clean and well maintained!", "rating": 4}}, {"model": "comments.comment", "pk": 10, "fields": {"content_type": 11, "object_id": 6, "written_by": 6, "date": "2023-04-01T18:31:22Z", "content": "Disappointed", "rating": 0}}, {"model": "comments.comment", "pk": 11, "fields": {"content_type": 11, "object_id": 6, "written_by": 9, "date": "2023-04-02T18:33:02Z", "content": "Nice!", "rating": 4}}, {"model": "comments.comment", "pk": 12, "fields": {"content_type": 11, "object_id": 6, "written_by": 3, "date": "2023-04-04T18:34:00Z", "content": "It was okay", "rating": 3}}, {"model": "comments.comment", "pk": 13, "fields": {"content_type": 11, "object_id": 6, "written_by": 8, "date": "2023-04-05T18:34:37Z", "content": "I recommend!", "rating": 5}}, {"model": "comments.comment", "pk": 14, "fields": {"content_type": 11, "object_id": 6, "written_by": 5, "date": "2023-04-07T18:36:07Z", "content": "Okay", "rating": 3}}, {"model": "comments.comment", "pk": 15, "fields": {"content_type": 11, "object_id": 6, "written_by": 4, "date": "2023-04-11T18:36:32Z", "content": "Not bad, not good either", "rating": 2}}, {"model": "comments.comment", "pk": 16, "fields": {"content_type": 11, "object_id": 6, "written_by": 7, "date": "2023-04-13T18:37:24Z", "content": "Great!", "rating": 4}}, {"model": "comments.reply", "pk": 1, "fields": {"reply_to": 3, "written_by": 5, "date": "2023-03-07T17:58:02Z", "content": "Could you elaborate on what was unsatisfactory so I can improve?"}}, {"model": "comments.reply", "pk": 2, "fields": {"reply_to": 3, "written_by": 2, "date": "2023-03-07T17:59:24Z", "content": "You were unavailable most of the time."}}, {"model": "comments.reply", "pk": 6, "fields": {"reply_to": 9, "written_by": 1, "date": "2023-04-13T17:52:45.965Z", "content": "Thank you! I try my best!"}}, {"model": "comments.reply", "pk": 7, "fields": {"reply_to": 8, "written_by": 5, "date": "2023-04-13T17:53:15Z", "content": "Thank you for the kind comment! :)"}}, {"model": "comments.reply", "pk": 8, "fields": {"reply_to": 10, "written_by": 2, "date": "2023-04-13T18:35:26Z", "content": ":("}}, {"model": "reservations.reservation", "pk": 1, "fields": {"renter": 5, "status": "completed", "property": 1, "date_booked_start": "2023-04-09", "date_booked_end": "2023-04-11", "num_guests": 1}}, {"model": "reservations.reservation", "pk": 2, "fields": {"renter": 2, "status": "completed", "property": 2, "date_booked_start": "2023-03-01", "date_booked_end": "2023-03-04", "num_guests": 1}}, {"model": "reservations.reservation", "pk": 3, "fields": {"renter": 3, "status": "terminated", "property": 2, "date_booked_start": "2023-03-05", "date_booked_end": "2023-03-08", "num_guests": 1}}, {"model": "reservations.reservation", "pk": 4, "fields": {"renter": 4, "status": "completed", "property": 2, "date_booked_start": "2023-03-14", "date_booked_end": "2023-03-17", "num_guests": 1}}, {"model": "reservations.reservation", "pk": 6, "fields": {"renter": 9, "status": "pending cancel", "property": 1, "date_booked_start": "2023-04-14", "date_booked_end": "2023-04-20", "num_guests": 3}}, {"model": "reservations.reservation", "pk": 7, "fields": {"renter": 9, "status": "approved", "property": 4, "date_booked_start": "2023-04-23", "date_booked_end": "2023-04-24", "num_guests": 1}}, {"model": "reservations.reservation", "pk": 8, "fields": {"renter": 10, "status": "completed", "property": 1, "date_booked_start": "2023-04-16", "date_booked_end": "2023-04-18", "num_guests": 2}}, {"model": "reservations.reservation", "pk": 9, "fields": {"renter": 1, "status": "terminated", "property": 3, "date_booked_start": "2023-04-26", "date_booked_end": "2023-04-28", "num_guests": 2}}, {"model": "reservations.reservation", "pk": 10, "fields": {"renter": 1, "status": "approved", "property": 5, "date_booked_start": "2023-04-24", "date_booked_end": "2023-04-26", "num_guests": 1}}, {"model": "reservations.reservation", "pk": 11, "fields": {"renter": 10, "status": "pending", "property": 4, "date_booked_start": "2023-04-18", "date_booked_end": "2023-04-19", "num_guests": 1}}, {"model": "reservations.reservation", "pk": 12, "fields": {"renter": 1, "status": "pending", "property": 3, "date_booked_start": "2023-04-21", "date_booked_end": "2023-04-21", "num_guests": 1}}, {"model": "reservations.reservation", "pk": 13, "fields": {"renter": 1, "status": "completed", "property": 6, "date_booked_start": "2023-04-04", "date_booked_end": "2023-04-11", "num_guests": 3}}, {"model": "reservations.reservation", "pk": 14, "fields": {"renter": 8, "status": "pending", "property": 1, "date_booked_start": "2023-04-24", "date_booked_end": "2023-04-24", "num_guests": 1}}, {"model": "reservations.reservation", "pk": 15, "fields": {"renter": 1, "status": "pending", "property": 6, "date_booked_start": "2023-04-20", "date_booked_end": "2023-04-22", "num_guests": 2}}, {"model": "reservations.reservation", "pk": 16, "fields": {"renter": 1, "status": "pending", "property": 6, "date_booked_start": "2023-04-14", "date_booked_end": "2023-04-28", "num_guests": 2}}, {"model": "properties.property", "pk": 1, "fields": {"name": "Cozy House", "description": "Great scenery", "address": "Cozy St, Toronto", "num_guests": 5, "num_beds": 4, "num_baths": 3, "amenities": ["pool", "laundry"], "img": "1200x0.jpg", "host": 1}}, {"model": "properties.property", "pk": 2, "fields": {"name": "Stone House", "description": "Lovely garden and amenities", "address": "Bright St, Torono", "num_guests": 2, "num_beds": 2, "num_baths": 1, "amenities": ["garden", "hot water"], "img": "bayview-village-stunning-limestone-exterior.webp", "host": 5}}, {"model": "properties.property", "pk": 3, "fields": {"name": "Large Villa", "description": "Great views, beach nearby.", "address": "Villa St, Vancouver", "num_guests": 3, "num_beds": 2, "num_baths": 2, "amenities": ["parking", "pool", "laundry", "hot-water", "air-conditioning"], "img": "biggest-houses-in-the-world-reviews-luxe-digital.jpg", "host": 10}}, {"model": "properties.property", "pk": 4, "fields": {"name": "Country House", "description": "A cozy house in the woods with a great scenery", "address": "Country St, Vancouver", "num_guests": 5, "num_beds": 3, "num_baths": 3, "amenities": ["pool", "air conditioning", "parking"], "img": "white-modern-house-curved-patio-archway.jpg", "host": 1}}, {"model": "properties.property", "pk": 5, "fields": {"name": "Modern City Home", "description": "A modern home in the city", "address": "Modern St, Toronto", "num_guests": 1, "num_beds": 1, "num_baths": 1, "amenities": null, "img": "Most-Beautiful-House-in-the-World.jpg", "host": 10}}, {"model": "properties.property", "pk": 6, "fields": {"name": "House in the Mountains", "description": "A cozy house in the woods with a great scenery", "address": "Wood St, Vancouver", "num_guests": 4, "num_beds": 4, "num_baths": 4, "amenities": null, "img": "l-intro-1637939504.jpg", "host": 2}}, {"model": "notifications.notification", "pk": 1, "fields": {"user": 1, "title": "Someone wants to rent your property!", "message": "Rachael Gilbert wants to rent your property on 2023-04-13", "created_at": "2023-04-13T17:11:24.380Z", "is_read": false}}, {"model": "notifications.notification", "pk": 2, "fields": {"user": 1, "title": "Someone wants to rent your property!", "message": "Rachael Gilbert wants to rent your property on 2023-04-14", "created_at": "2023-04-13T17:12:11.244Z", "is_read": false}}, {"model": "notifications.notification", "pk": 3, "fields": {"user": 1, "title": "Someone wants to rent your property!", "message": "Tabitha Ross wants to rent your property on 2023-04-16", "created_at": "2023-04-13T17:17:44.194Z", "is_read": false}}, {"model": "notifications.notification", "pk": 4, "fields": {"user": 1, "title": "There's a new comment about your property!", "message": "Tabitha Ross left a comment about your property 'Cozy House'.", "created_at": "2023-04-13T17:19:38.136Z", "is_read": false}}, {"model": "notifications.notification", "pk": 5, "fields": {"user": 10, "title": "Someone wants to rent your property!", "message": "Xenia Pearl wants to rent your property on 2023-04-14", "created_at": "2023-04-13T17:21:24.100Z", "is_read": true}}, {"model": "notifications.notification", "pk": 6, "fields": {"user": 10, "title": "Someone wants to rent your property!", "message": "Xenia Pearl wants to rent your property on 2023-04-14", "created_at": "2023-04-13T17:22:49.851Z", "is_read": true}}, {"model": "notifications.notification", "pk": 7, "fields": {"user": 1, "title": "Your reservation has been approved!", "message": "Your reservation for Modern City Home at Modern St, Toronto has been approved!", "created_at": "2023-04-13T17:23:00.783Z", "is_read": false}}, {"model": "notifications.notification", "pk": 8, "fields": {"user": 1, "title": "Someone wants to rent your property!", "message": "Tabitha Ross wants to rent your property on 2023-04-18", "created_at": "2023-04-13T17:24:32.020Z", "is_read": false}}, {"model": "notifications.notification", "pk": 9, "fields": {"user": 1, "title": "Your reservation has been approved!", "message": "Your reservation for Large Villa at Villa St, Vancouver has been approved!", "created_at": "2023-04-13T17:44:39.878Z", "is_read": false}}, {"model": "notifications.notification", "pk": 10, "fields": {"user": 10, "title": "Someone wants to rent your property!", "message": "Xenia Pearl wants to rent your property on 2023-04-21", "created_at": "2023-04-13T17:45:49.783Z", "is_read": false}}, {"model": "notifications.notification", "pk": 11, "fields": {"user": 10, "title": "There's a reply to your comment!", "message": "Xenia Pearl left you a reply about the property 'Cozy House'.", "created_at": "2023-04-13T17:52:46.001Z", "is_read": true}}, {"model": "notifications.notification", "pk": 12, "fields": {"user": 2, "title": "Someone wants to rent your property!", "message": "Xenia Pearl wants to rent your property on 2023-05-03", "created_at": "2023-04-13T18:02:43.645Z", "is_read": false}}, {"model": "notifications.notification", "pk": 13, "fields": {"user": 2, "title": "There's a new comment about your property!", "message": "Xenia Pearl left a comment about your property 'House in the Mountains'.", "created_at": "2023-04-13T18:31:22.955Z", "is_read": false}}, {"model": "notifications.notification", "pk": 14, "fields": {"user": 2, "title": "There's a new comment about your property!", "message": "Xenia Pearl left a comment about your property 'House in the Mountains'.", "created_at": "2023-04-13T18:33:02.280Z", "is_read": false}}, {"model": "notifications.notification", "pk": 15, "fields": {"user": 2, "title": "There's a new comment about your property!", "message": "Xenia Pearl left a comment about your property 'House in the Mountains'.", "created_at": "2023-04-13T18:34:00.298Z", "is_read": false}}, {"model": "notifications.notification", "pk": 16, "fields": {"user": 2, "title": "There's a new comment about your property!", "message": "Xenia Pearl left a comment about your property 'House in the Mountains'.", "created_at": "2023-04-13T18:34:37.857Z", "is_read": false}}, {"model": "notifications.notification", "pk": 17, "fields": {"user": 2, "title": "There's a new comment about your property!", "message": "Xenia Pearl left a comment about your property 'House in the Mountains'.", "created_at": "2023-04-13T18:36:07.705Z", "is_read": false}}, {"model": "notifications.notification", "pk": 18, "fields": {"user": 2, "title": "There's a new comment about your property!", "message": "Xenia Pearl left a comment about your property 'House in the Mountains'.", "created_at": "2023-04-13T18:36:32.792Z", "is_read": false}}, {"model": "notifications.notification", "pk": 19, "fields": {"user": 2, "title": "There's a new comment about your property!", "message": "Xenia Pearl left a comment about your property 'House in the Mountains'.", "created_at": "2023-04-13T18:37:24.579Z", "is_read": false}}, {"model": "notifications.notification", "pk": 20, "fields": {"user": 2, "title": "Someone wants to rent your property!", "message": "Xenia Pearl wants to rent your property on 2023-04-20", "created_at": "2023-04-13T18:39:27.434Z", "is_read": false}}, {"model": "notifications.notification", "pk": 21, "fields": {"user": 2, "title": "Someone wants to rent your property!", "message": "Xenia Pearl wants to rent your property on 2023-04-14", "created_at": "2023-04-13T18:39:59.131Z", "is_read": false}}, {"model": "notifications.notification", "pk": 22, "fields": {"user": 1, "title": "Someone wants to rent your property!", "message": "Rachael Gilbert wants to rent your property on 2023-04-14", "created_at": "2023-04-13T19:22:26.406Z", "is_read": true}}, {"model": "notifications.notification", "pk": 23, "fields": {"user": 9, "title": "Your reservation has been approved!", "message": "Your reservation for Cozy House at Cozy St, Toronto has been approved!", "created_at": "2023-04-13T19:22:54.542Z", "is_read": true}}, {"model": "notifications.notification", "pk": 24, "fields": {"user": 1, "title": "Someone wants to cancel their reservation", "message": "Rachael Gilbert wants to cancel their reservation", "created_at": "2023-04-13T19:23:02.985Z", "is_read": false}}, {"model": "notifications.notification", "pk": 25, "fields": {"user": 9, "title": "Your reservation has been denied.", "message": "Your reservation for House in the Woods at Woods St, Toronto has been denied.", "created_at": "2023-04-13T19:24:39.291Z", "is_read": false}}]